INSERT INTO `agents` (`AGENT_CODE`, `AGENT_NAME`, `WORKING_AREA`, `COMMISSION`, `PHONE_NO`, `COUNTRY`)
VALUES ('A007  ', 'Ramasundar', 'Bangalore', '0.15', '077-25814763', 'RO'),
       ('A003', 'Alex', 'London ', '0.13', '075-12458969', 'RO'),
       ('A008', 'Alford', 'New York', '0.12', '044-25874365', 'RO'),
       ('A011', 'Ravi Kumar', 'Bangalore', '0.15', '077-45625874', 'RO'),
       ('A010', 'Santakumar', 'Chennai', '0.14', '007-22388644', 'RO'),
       ('A012', 'Lucida', 'San Jose', '0.12', '044-52981425', 'RO'),
       ('A005', 'Anderson', 'Brisban', '0.13', '045-21447739', 'RO'),
       ('A001', 'Subbarao', 'Bangalore', '0.14', '077-12346674', 'RO'),
       ('A002', 'Mukesh', 'Mumbai ', '0.11', '029-12358964', 'RO'),
       ('A006', 'McDen', 'London ', '0.15', '078-22255588', 'RO'),
       ('A004', 'Ivan', 'Torento', '0.15', '008-22544166', 'RO'),
       ('A009', 'Benjamin', 'Hampshair', '0.11', '008-22536178', 'RO');

INSERT INTO `company` (`COMPANY_ID`, `COMPANY_NAME`, `COMPANY_CITY`)
VALUES ('18', 'Order All', 'Boston'),
       ('15', 'Jack Hill Ltd', 'London'),
       ('16', 'Akas Foods', 'Delhi'),
       ('17', 'Foodies.', 'London'),
       ('19', 'sip-n-Bite.', 'New York');

-- INSERT INTO `customer` (`CUST_CODE`, `CUST_NAME`, `CUST_CITY`, `WORKING_AREA`, `CUST_COUNTRY`, `GRADE`, `OPENING_AMT`,
--                         `RECEIVE_AMT`, `PAYMENT_AMT`, `OUTSTANDING_AMT`, `PHONE_NO`, `AGENT_CODE`)
-- VALUES


INSERT INTO `daysorder` (`ORD_NUM`, `ORD_AMOUNT`, `ADVANCE_AMOUNT`, `ORD_DATE`, `CUST_CODE`, `AGENT_CODE`,
                         `ORD_DESCRIPTION`)
VALUES
    ('200107', '4500.00', '900.00', '2008-08-30', 'C00007', 'A010', 'SOD\r'), ('200114', '3500.00', '1500.00', '2008-08-15', 'C00002', 'A008', 'SOD\r'), ('200134', '4200.00', '1800.00', '2008-09-25', 'C00004', 'A005', 'SOD\r'), ('200115', '2000.00', '1200.00', '2008-02-08', 'C00013', 'A013', 'SOD\r'), ('200101', '3000.00', '1000.00', '2008-07-15', 'C00001', 'A008', 'SOD\r'), ('200128', '3500.00', '1500.00', '2008-07-20', 'C00009', 'A002', 'SOD\r'), ('200132', '4000.00', '1500.00', '2008-08-15', 'C00013', 'A013', 'SOD\r');


INSERT INTO `foods` (`ITEM_ID`, `ITEM_NAME`, `ITEM_UNIT`, `COMPANY_ID`)
VALUES ('1', 'Chex Mix', 'Pcs', '16'),
       ('6', 'Cheez-It', 'Pcs', '15'),
       ('2', 'BN Biscuit', 'Pcs', '15'),
       ('3', 'Mighty Munch', 'Pcs', '17'),
       ('4', 'Pot Rice', 'Pcs', '15'),
       ('5', 'Jaffa Cakes', 'Pcs', '18'),
       ('7', 'Salt n Shake', 'Pcs', '19');


INSERT INTO `listofitem` (`ITEMCODE`, `ITEMNAME`, `BATCHCODE`, `CONAME`)
VALUES ('I001  ', 'CHOCOLATE', 'DM/2007-08/WBM%1', '\r'),
       ('I003  ', 'HOT DOG  ', 'DM/2007-08/WB1',
        'ABJ ENTERPRISE'),
       ('I002  ', 'CONDENSED MILK        ', 'DM/2007-08/WBM%2',
        'ABJ CONCERN');


INSERT INTO `orders` (`ORD_NUM`, `ORD_AMOUNT`, `ADVANCE_AMOUNT`, `ORD_DATE`, `CUST_CODE`, `AGENT_CODE`,
                      `ORD_DESCRIPTION`)
VALUES ('200100', '1000.00', '600.00', '2008-01-08', 'C00015', 'A003', 'SOD\r'),
       ('200110', '3000.00', '500.00', '2008-04-15', 'C00019', 'A010', 'SOD\r'),
       ('200107', '4500.00', '900.00', '2008-08-30', 'C00007', 'A010', 'SOD\r'),
       ('200112', '2000.00', '400.00', '2008-05-30', 'C00016', 'A007', 'SOD\r'),
       ('200113', '4000.00', '600.00', '2008-06-10', 'C00022', 'A002', 'SOD\r'),
       ('200102', '2000.00', '300.00', '2008-05-25', 'C00012', 'A012', 'SOD\r'),
       ('200114', '3500.00', '2000.00', '2008-08-15', 'C00002', 'A008', 'SOD\r'),
       ('200122', '2500.00', '400.00', '2008-09-16', 'C00003', 'A004', 'SOD\r'),
       ('200118', '500.00', '100.00', '2008-07-20', 'C00023', 'A006', 'SOD\r'),
       ('200119', '4000.00', '700.00', '2008-09-16', 'C00007', 'A010', 'SOD\r'),
       ('200121', '1500.00', '600.00', '2008-09-23', 'C00008', 'A004', 'SOD\r'),
       ('200130', '2500.00', '400.00', '2008-07-30', 'C00025', 'A011', 'SOD\r'),
       ('200134', '4200.00', '1800.00', '2008-09-25', 'C00004', 'A005', 'SOD\r'),
       ('200115', '2000.00', '1200.00', '2008-02-08', 'C00013', 'A013', 'SOD\r'),
       ('200108', '4000.00', '600.00', '2008-02-15', 'C00008', 'A004', 'SOD\r'),
       ('200103', '1500.00', '700.00', '2008-05-15', 'C00021', 'A005', 'SOD\r'),
       ('200105', '2500.00', '500.00', '2008-07-18', 'C00025', 'A011', 'SOD\r'),
       ('200109', '3500.00', '800.00', '2008-07-30', 'C00011', 'A010', 'SOD\r'),
       ('200101', '3000.00', '1000.00', '2008-07-15', 'C00001', 'A008', 'SOD\r'),
       ('200111', '1000.00', '300.00', '2008-07-10', 'C00020', 'A008', 'SOD\r'),
       ('200104', '1500.00', '500.00', '2008-03-13', 'C00006', 'A004', 'SOD\r'),
       ('200106', '2500.00', '700.00', '2008-04-20', 'C00005', 'A002', 'SOD\r'),
       ('200125', '2000.00', '600.00', '2008-10-10', 'C00018', 'A005', 'SOD\r'),
       ('200117', '800.00', '200.00', '2008-10-20', 'C00014', 'A001', 'SOD\r'),
       ('200123', '500.00', '100.00', '2008-09-16', 'C00022', 'A002', 'SOD\r'),
       ('200120', '500.00', '100.00', '2008-07-20', 'C00009', 'A002', 'SOD\r'),
       ('200116', '500.00', '100.00', '2008-07-13', 'C00010', 'A009', 'SOD\r'),
       ('200124', '500.00', '100.00', '2008-06-20', 'C00017', 'A007', 'SOD\r'),
       ('200126', '500.00', '100.00', '2008-06-24', 'C00022', 'A002', 'SOD\r'),
       ('200129', '2500.00', '500.00', '2008-07-20', 'C00024', 'A006', 'SOD\r'),
       ('200127', '2500.00', '400.00', '2008-07-20', 'C00015', 'A003', 'SOD\r'),
       ('200128', '3500.00', '1500.00', '2008-07-20', 'C00009', 'A002', 'SOD\r'),
       ('200135', '2000.00', '800.00', '2008-09-16', 'C00007', 'A010', 'SOD\r'),
       ('200131', '900.00', '150.00', '2008-08-26', 'C00012', 'A012', 'SOD\r'),
       ('200133', '1200.00', '400.00', '2008-06-29', 'C00009', 'A002', 'SOD\r'),
       ('200132', '4000.00', '2000.00', '2008-08-15', 'C00013', 'A013', 'SOD\r');


INSERT INTO `student` (`ID`, `NAME`, `TITLE`, `CLASS`, `SECTION`, `ROLLID`)
VALUES (1, 'Deepak', 'Saxana', 'V', 'A', '15'),
       (2, 'Robert', 'Paul', 'VI', 'A', '2'),
       (3, 'Danny ', 'Moris', 'V', 'B', '15');


INSERT INTO `studentreport` (`ID`, `STUDENT_ID`, `GRADE`, `SEMESTER`, `CLASS_ATTENDED`)
VALUES (1, 1, 'A++  ', '1St  ', '75'),
       (2, 2, 'A+', '2Nd  ', '70'),
       (3, 3, 'AA', '1St  ', '85'),
       (4, 2, 'A+', '1St  ', '70'),
       (5, 1, 'AA', '2Nd  ', '85');